<?xml version="1.0" encoding="UTF-8" ?>
<!DOCTYPE mapper
        PUBLIC "-//mybatis.org//DTD Mapper 3.0//EN"
        "http://mybatis.org/dtd/mybatis-3-mapper.dtd">
<mapper namespace="com.ssafy.vue.model.mapper.CommentMapper">

	<!-- answer에 해당하는 comment 조회 -->
	<select id="list" resultType="CommentDto">
		select cno, userid, comment, comment_time, ano
		from ans_comment
		where ano = #{ano}
		order by comment_time desc
	</select>

	<!-- answer comment 등록 -->
	<insert id="create" parameterType="CommentDto">
		insert into ans_comment(
			cno, userid, comment, comment_time, ano
		) values (
			#{cno}, #{userid}, #{comment}, now(), #{ano}
		)
	</insert>
	
	<!-- answer comment 수정 -->
	<update id="modify" parameterType="CommentDto">
		<![CDATA[
		update ans_comment
		set comment = #{comment}
		where cno = #{cno}
		]]>
	</update>

	<!-- ano에 따른 comment 정보 삭제 -->
	<delete id="delete" parameterType="int">
		delete
		from ans_comment
		where cno = #{cno}
	</delete>

</mapper>

