<?xml version="1.0" encoding="UTF-8" ?>
<!DOCTYPE mapper
        PUBLIC "-//mybatis.org//DTD Mapper 3.0//EN"
        "http://mybatis.org/dtd/mybatis-3-mapper.dtd">
<mapper namespace="com.ssafy.vue.model.mapper.BoardCommentMapper">

	<!-- answer에 해당하는 comment 조회 -->
	<select id="list" resultType="CommentDto">
		select commentno, userid, comment, comment_time, articleno
		from board_comment
		where articleno = #{articleno}
		order by comment_time desc
	</select>

	<!-- answer comment 등록 -->
	<insert id="create" parameterType="CommentDto">
		insert into board_comment(
			commentno, userid, comment, comment_time, articleno
		) values (
			#{commentno}, #{userid}, #{comment}, now(), #{articleno}
		)
	</insert>
	
	<!-- answer comment 수정 -->
	<update id="modify" parameterType="CommentDto">
		<![CDATA[
		update board_comment
		set comment = #{comment}
		where commentno = #{commentno}
		]]>
	</update>

	<!-- ano에 따른 comment 정보 삭제 -->
	<delete id="delete" parameterType="int">
		delete
		from board_comment
		where commentno = #{commentno}
	</delete>

</mapper>

