<?xml version="1.0" encoding="UTF-8" ?>
<!DOCTYPE mapper PUBLIC "-//mybatis.org//DTD Mapper 3.0//EN" 
	"http://mybatis.org/dtd/mybatis-3-mapper.dtd">
	
<mapper namespace="com.ssafy.vue.model.mapper.QuestionMapper">

	<insert id="writeQuestion" parameterType="QuestionDto">
		insert into question (userid, subject, content, hit, regtime)
		values (#{userid}, #{subject}, #{content}, 0, now())
	</insert>
	
	<select id="listQuestion" parameterType="map" resultType="QuestionDto">
		select qno, userid, subject, content, hit, 
				case when date_format(regtime, '%Y%m%d') = date_format(now(), '%Y%m%d')
				then date_format(regtime, '%H:%i:%s')
				else date_format(regtime, '%y.%m.%d')
				end regtime
		from question				
		<if test="word != null and word !=''">
			<if test="key == 'subejct'">
				where subject like concat('%', ${word}, '%')
			</if>
			<if test="key != 'subject'">
				where ${key} = #{word}
			</if>
		</if>
		order by qno desc
		limit ${start}, #{spp}
	</select>
	
	<select id="getTotalCount" parameterType="map" resultType="int">
		select count(qno)
		from question
		<if test="word != null and word != ''">
			<if test="key == 'subject'">
				where subject like concat('%', #{word}, '%')
			</if>
			<if test="key != 'subject'">
				where ${key} = #{word}
			</if>
		</if>
	</select>
	
	<select id="getQuestion" parameterType="int" resultType="QuestionDto">
		select qno, userid, subject, content, hit, regtime
		from question
		where qno = #{qno}
	</select>
	
	<update id="updateHit" parameterType="int">
		update question
		set hit = hit + 1
		where qno = #{qno}
	</update>
	
	<update id="modifyQuestion" parameterType="QuestionDto">
		update question
		set subject = #{subject}, content = #{content}
		where qno = #{qno}
	</update>
	
	<delete id="deleteQuestion" parameterType="int">
		delete from question
		where qno = #{qno}
	</delete>

</mapper>